sample,period,model,measure,spearman_rho,p_one_sided_exact,extreme_permutations,n_permutations,n_issue_pairs
elected,2003-2007,Gemma,Transfer performance,0.907142857142857,0.001388888888888889,1,720,15
elected,2003-2007,Gemma,Cosine similarity,0.8964285714285712,0.002777777777777778,2,720,15
elected,2009-2012,Gemma,Transfer performance,0.6857142857142856,0.009722222222222222,7,720,15
elected,2009-2012,Gemma,Cosine similarity,0.7071428571428571,0.013888888888888888,10,720,15
elected,2013-2025,Gemma,Transfer performance,0.807142857142857,0.005555555555555556,4,720,15
elected,2013-2025,Gemma,Cosine similarity,0.8214285714285712,0.005555555555555556,4,720,15
all_candidates,2003-2007,Gemma,Transfer performance,0.5928571428571427,0.025,18,720,15
all_candidates,2003-2007,Gemma,Cosine similarity,0.6107142857142855,0.020833333333333332,15,720,15
all_candidates,2009-2012,Gemma,Transfer performance,0.5428571428571428,0.041666666666666664,30,720,15
all_candidates,2009-2012,Gemma,Cosine similarity,0.5714285714285713,0.030555555555555555,22,720,15
all_candidates,2013-2025,Gemma,Transfer performance,0.5785714285714285,0.030555555555555555,22,720,15
all_candidates,2013-2025,Gemma,Cosine similarity,0.6,0.025,18,720,15
