sample,component,model,rho,spearman_asymptotic_p,exact_one_sided_p,exact_two_sided_p,n_matrix_elements,n_label_permutations
elected,unadjusted,Gemma probing,0.8392857142857142,9.136935846519936e-05,0.005555555555555556,0.005555555555555556,15,720
elected,unadjusted,Gemma cosine,0.8214285714285712,0.00017314771750717042,0.008333333333333333,0.008333333333333333,15,720
elected,between_mean_ranks,Gemma probing,0.8357142857142855,0.00010444687327713353,0.001388888888888889,0.001388888888888889,15,720
elected,between_mean_ranks,Gemma cosine,0.8285714285714284,0.00013524478013276988,0.005555555555555556,0.005555555555555556,15,720
elected,within_residual_ranks,Gemma probing,0.7964285714285713,0.00038046767853463354,0.008333333333333333,0.008333333333333333,15,720
elected,within_residual_ranks,Gemma cosine,0.7785714285714285,0.0006273501294803568,0.011111111111111112,0.011111111111111112,15,720
all_candidates,unadjusted,Gemma probing,0.5678571428571427,0.02722835670886186,0.03194444444444444,0.03194444444444444,15,720
all_candidates,unadjusted,Gemma cosine,0.5857142857142856,0.021776517619042778,0.027777777777777776,0.027777777777777776,15,720
all_candidates,between_mean_ranks,Gemma probing,0.5392857142857141,0.038021656263558,0.03611111111111111,0.03611111111111111,15,720
all_candidates,between_mean_ranks,Gemma cosine,0.5499999999999999,0.03365535781500707,0.029166666666666667,0.029166666666666667,15,720
all_candidates,within_residual_ranks,Gemma probing,0.7464285714285712,0.001391411089063054,0.016666666666666666,0.016666666666666666,15,720
all_candidates,within_residual_ranks,Gemma cosine,0.7249999999999999,0.0022270323137542148,0.016666666666666666,0.016666666666666666,15,720
