layer,head,rho_Defense,rho_Social,rho_Public,rho_Fiscal,rho_Nkorea,rho_Security,mean_rho
14,24,0.8882602629493638,0.8887003596104354,0.8916565809371028,0.8930451434586895,0.8735328185654965,0.880623201872851,0.8859697278989898
14,25,0.8754000560069024,0.8782607187740614,0.877162864935697,0.8768744016846333,0.8600088807055224,0.8711541356853296,0.8731435096320244
15,19,0.8502937751367583,0.836741024821601,0.8667312418961168,0.8516344019095501,0.8244909373930069,0.8413534203531338,0.845207466918361
9,30,0.8565326601513459,0.8585580070897013,0.8665785169928899,0.8604946549588476,0.8001161594153292,0.841380028835211,0.8472766712405542
11,22,0.8601370312991097,0.8439489158846373,0.8663955629013769,0.85644864782341,0.7947559280785005,0.8323922529112171,0.8423463898163752
11,20,0.8522694217831546,0.8183771983542322,0.8647409214616859,0.8378206462092924,0.799607203214802,0.8208097279702311,0.8322708531655665
12,14,0.8536774289295451,0.8288319507383033,0.8633534739386226,0.8307708517222505,0.8054362947313857,0.8370716382414483,0.8365236063835925
14,27,0.8666979820601022,0.8588237454723758,0.863218609682078,0.8658164633074554,0.8465676031054418,0.8628767582267989,0.8606668603090419
9,17,0.8519304469595541,0.8453140587966093,0.8631447066974838,0.840947345237659,0.8059404307578042,0.8307945047502964,0.8396785821999012
15,10,0.8502409655141052,0.8572996662893744,0.8589592510604556,0.8536519782898822,0.8008027790712813,0.8428874238289238,0.8439736773423371
12,4,0.860412567052322,0.8552491062763892,0.8581804540259295,0.8489377310185107,0.8056631240660735,0.8438087624089399,0.8453752908080275
12,8,0.8467265286874109,0.8209768869336983,0.857936912032001,0.8395850522374421,0.7952191436589103,0.8186225995584401,0.8298445205179837
11,11,0.8353727177172537,0.8358115909392702,0.8575005408042051,0.8252336128430153,0.7797857917550971,0.8125042671468907,0.8243680868676221
11,14,0.8534745072550782,0.8352041954402936,0.8574542500575999,0.8443465156170994,0.8115215260263223,0.8360171703398237,0.839669694122703
10,24,0.8554263826873862,0.8438416570867657,0.8572399733805334,0.8374557956437497,0.812196418427199,0.8497728143231734,0.8426555069248013
15,18,0.8474238745551755,0.836416887028349,0.855207983846172,0.8371253290694943,0.8114864116483733,0.8315364064947837,0.8365328154403913
13,10,0.8535923471075536,0.834566490040675,0.8549814104823434,0.8514147733667945,0.8053971621100992,0.8378329345430344,0.8396308529417501
16,10,0.8606029642346049,0.8678825835326182,0.8549754641575928,0.8636689860625995,0.8315144641642018,0.8618134190540859,0.8567429802009506
13,12,0.8561255087037469,0.8355613671540318,0.8531226448297128,0.8521415101764823,0.818258615283751,0.8403369979394324,0.8425911073478596
14,5,0.8340468706462889,0.8532214271077242,0.852880619253067,0.8479500242141892,0.8256255436577566,0.8128523269014132,0.8377628019634065
